	Красота и здоровье		Главная/Красота и здоровье	599 р.	
	Шампунь для волос		Главная/Красота и здоровье/Уход за волосами/Шампуни, бальзамы, маски/Шампунь для волос	599 р.	
599 р.			Товары для ухода за волосами		Главная/Красота и здоровье/Уход за волосами
599 р.			Сухой шампунь		Главная/Красота и здоровье/Уход за волосами/Шампуни, бальзамы, маски/Сухой шампунь
	Шампуни, бальзамы, маски		Главная/Красота и здоровье/Уход за волосами/Шампуни, бальзамы, маски	599 р.	
		Спрей для волос		Главная/Красота и здоровье/Уход за волосами/Шампуни, бальзамы, маски/Спрей для волос	599 р.
599 р.			Средства для ухода за волосами		Главная/Красота и здоровье/Уход за волосами/Шампуни, бальзамы, маски/Уход для волос
Набор для ухода за волосами		Главная/Красота и здоровье/Уход за волосами/Шампуни, бальзамы, маски/Набор	599 р.		
599 р.			Шампунь для детей		Главная/Красота и здоровье/Уход за волосами/Шампуни, бальзамы, маски/Шампунь для детей
Главная/Красота и здоровье/Уход за волосами/Шампуни, бальзамы, маски/Бальзам для волос	599 р.			Бальзам для волос	
	Главная/Красота и здоровье/Детская косметика	599 р.			Детская косметика
